Target,Mutation Site,Distance (Å),Path Length Delta,Network Efficiency Drop,Classification Score
TEM-1 (1ZG4),MUT_0,18.5,0.324,0.032,0.0222
TEM-1 (1ZG4),MUT_1,18.5,2.741,0.143,0.996
TEM-1 (1ZG4),MUT_2,18.5,2.472,0.258,0.9898
TEM-1 (1ZG4),MUT_3,18.5,-0.029,0.01,0.0058
TEM-1 (1ZG4),MUT_4,18.5,0.268,0.001,0.0176
TEM-1 (1ZG4),MUT_5,18.5,0.439,0.016,0.0336
TEM-1 (1ZG4),MUT_6,18.5,0.832,0.02,0.1346
TEM-1 (1ZG4),MUT_7,18.5,1.772,0.268,0.8722
TEM-1 (1ZG4),MUT_8,18.5,3.622,0.168,0.9999
TEM-1 (1ZG4),MUT_9,18.5,1.379,0.229,0.5971
