cutoff_angstroms,mutated_residue,baseline_active_centrality,perturbed_active_centrality,delta_centrality
4.5,26,0.0443,0.04441,0.00011
4.5,27,0.0443,0.04439,9e-05
4.5,28,0.0443,0.0444,0.0001
4.5,29,0.0443,0.04445,0.00015
4.5,30,0.0443,0.04443,0.00013
4.5,31,0.0443,0.0444,9e-05
4.5,32,0.0443,0.04443,0.00013
4.5,33,0.0443,0.04443,0.00012
4.5,34,0.0443,0.0444,9e-05
4.5,35,0.0443,0.04439,9e-05
4.5,36,0.0443,0.04444,0.00014
4.5,37,0.0443,0.04446,0.00016
4.5,38,0.0443,0.04437,7e-05
4.5,39,0.0443,0.04438,7e-05
4.5,40,0.0443,0.04441,0.00011
4.5,41,0.0443,0.0444,0.0001
4.5,42,0.0443,0.04441,0.00011
4.5,43,0.0443,0.04453,0.00023
4.5,44,0.0443,0.04454,0.00023
4.5,45,0.0443,0.04446,0.00016
4.5,46,0.0443,0.04454,0.00024
4.5,47,0.0443,0.04453,0.00022
4.5,48,0.0443,0.04453,0.00022
4.5,49,0.0443,0.04452,0.00022
4.5,50,0.0443,0.04447,0.00016
4.5,51,0.0443,0.04455,0.00025
4.5,52,0.0443,0.04441,0.00011
4.5,53,0.0443,0.04442,0.00012
4.5,54,0.0443,0.04443,0.00013
4.5,55,0.0443,0.04442,0.00011
4.5,56,0.0443,0.04447,0.00017
4.5,57,0.0443,0.04442,0.00011
4.5,58,0.0443,0.04444,0.00013
4.5,59,0.0443,0.04445,0.00014
4.5,60,0.0443,0.04443,0.00012
4.5,61,0.0443,0.04446,0.00016
4.5,62,0.0443,0.04446,0.00015
4.5,63,0.0443,0.04442,0.00012
4.5,64,0.0443,0.04442,0.00011
4.5,65,0.0443,0.04454,0.00024
4.5,66,0.0443,0.0449,0.0006
4.5,67,0.0443,0.04478,0.00048
4.5,68,0.0443,0.04132,-0.00299
4.5,69,0.0443,0.0451,0.0008
4.5,71,0.0443,0.04627,0.00196
4.5,72,0.0443,0.04474,0.00044
4.5,73,0.0443,0.04452,0.00022
4.5,74,0.0443,0.04593,0.00163
4.5,75,0.0443,0.04642,0.00212
4.5,76,0.0443,0.04487,0.00057
4.5,77,0.0443,0.04484,0.00054
4.5,78,0.0443,0.04474,0.00044
4.5,79,0.0443,0.04465,0.00035
4.5,80,0.0443,0.0446,0.00029
4.5,81,0.0443,0.0447,0.0004
4.5,82,0.0443,0.0446,0.00029
4.5,83,0.0443,0.04449,0.00018
4.5,84,0.0443,0.04451,0.00021
4.5,85,0.0443,0.04455,0.00025
4.5,86,0.0443,0.04438,8e-05
4.5,87,0.0443,0.04439,8e-05
4.5,88,0.0443,0.04435,5e-05
4.5,89,0.0443,0.04441,0.00011
4.5,90,0.0443,0.04436,6e-05
4.5,91,0.0443,0.04462,0.00032
4.5,92,0.0443,0.04433,3e-05
4.5,93,0.0443,0.04442,0.00012
4.5,94,0.0443,0.04438,8e-05
4.5,95,0.0443,0.04445,0.00015
4.5,96,0.0443,0.04428,-3e-05
4.5,97,0.0443,0.04438,7e-05
4.5,98,0.0443,0.04421,-9e-05
4.5,99,0.0443,0.0442,-0.0001
4.5,100,0.0443,0.04419,-0.00011
4.5,101,0.0443,0.04411,-0.0002
4.5,102,0.0443,0.04409,-0.00021
4.5,103,0.0443,0.04462,0.00032
4.5,104,0.0443,0.04446,0.00016
4.5,105,0.0443,0.04501,0.0007
4.5,106,0.0443,0.0437,-0.00061
4.5,107,0.0443,0.04428,-2e-05
4.5,108,0.0443,0.04436,6e-05
4.5,109,0.0443,0.04422,-9e-05
4.5,110,0.0443,0.04418,-0.00012
4.5,111,0.0443,0.04422,-8e-05
4.5,112,0.0443,0.04423,-7e-05
4.5,113,0.0443,0.04425,-5e-05
4.5,114,0.0443,0.04424,-6e-05
4.5,115,0.0443,0.04428,-2e-05
4.5,116,0.0443,0.0443,-0.0
4.5,117,0.0443,0.04445,0.00015
4.5,118,0.0443,0.04436,6e-05
4.5,119,0.0443,0.0445,0.0002
4.5,120,0.0443,0.04446,0.00016
4.5,121,0.0443,0.04437,7e-05
4.5,122,0.0443,0.04446,0.00016
4.5,123,0.0443,0.04458,0.00027
4.5,124,0.0443,0.0445,0.0002
4.5,125,0.0443,0.04447,0.00017
4.5,126,0.0443,0.0452,0.0009
4.5,127,0.0443,0.04562,0.00131
4.5,128,0.0443,0.04496,0.00066
4.5,129,0.0443,0.04532,0.00102
4.5,130,0.0443,0.04248,-0.00183
4.5,131,0.0443,0.04428,-2e-05
4.5,132,0.0443,0.03711,-0.00719
4.5,133,0.0443,0.04419,-0.00011
4.5,134,0.0443,0.04428,-2e-05
4.5,135,0.0443,0.0453,0.001
4.5,136,0.0443,0.04473,0.00043
4.5,137,0.0443,0.04456,0.00025
4.5,138,0.0443,0.04481,0.0005
4.5,139,0.0443,0.04524,0.00093
4.5,140,0.0443,0.04455,0.00025
4.5,141,0.0443,0.04462,0.00032
4.5,142,0.0443,0.04468,0.00038
4.5,143,0.0443,0.04454,0.00024
4.5,144,0.0443,0.04446,0.00016
4.5,145,0.0443,0.04483,0.00052
4.5,146,0.0443,0.04452,0.00022
4.5,147,0.0443,0.04455,0.00025
4.5,148,0.0443,0.04473,0.00043
4.5,149,0.0443,0.04476,0.00046
4.5,150,0.0443,0.04445,0.00015
4.5,151,0.0443,0.04475,0.00045
4.5,152,0.0443,0.0446,0.0003
4.5,153,0.0443,0.04449,0.00018
4.5,154,0.0443,0.04441,0.00011
4.5,155,0.0443,0.04453,0.00023
4.5,156,0.0443,0.04445,0.00015
4.5,157,0.0443,0.0446,0.0003
4.5,158,0.0443,0.04442,0.00011
4.5,159,0.0443,0.04456,0.00026
4.5,160,0.0443,0.04493,0.00063
4.5,161,0.0443,0.04455,0.00024
4.5,162,0.0443,0.04535,0.00105
4.5,163,0.0443,0.04456,0.00026
4.5,164,0.0443,0.04545,0.00114
4.5,165,0.0443,0.04512,0.00082
4.5,166,0.0443,0.04359,-0.00071
4.5,167,0.0443,0.04642,0.00211
4.5,168,0.0443,0.04503,0.00073
4.5,169,0.0443,0.04621,0.0019
4.5,170,0.0443,0.04075,-0.00355
4.5,171,0.0443,0.04501,0.00071
4.5,172,0.0443,0.04418,-0.00012
4.5,173,0.0443,0.04447,0.00016
4.5,174,0.0443,0.04437,7e-05
4.5,175,0.0443,0.04434,4e-05
4.5,176,0.0443,0.04459,0.00028
4.5,177,0.0443,0.0445,0.0002
4.5,178,0.0443,0.04462,0.00031
4.5,179,0.0443,0.04497,0.00066
4.5,180,0.0443,0.04462,0.00032
4.5,181,0.0443,0.04446,0.00016
4.5,182,0.0443,0.04447,0.00016
4.5,183,0.0443,0.0446,0.0003
4.5,184,0.0443,0.04449,0.00019
4.5,185,0.0443,0.04463,0.00033
4.5,186,0.0443,0.04502,0.00072
4.5,187,0.0443,0.04461,0.00031
4.5,188,0.0443,0.04454,0.00023
4.5,189,0.0443,0.04473,0.00043
4.5,190,0.0443,0.04496,0.00065
4.5,191,0.0443,0.04488,0.00057
4.5,192,0.0443,0.04469,0.00039
4.5,193,0.0443,0.04478,0.00048
4.5,194,0.0443,0.04472,0.00041
4.5,195,0.0443,0.0446,0.0003
4.5,196,0.0443,0.04455,0.00025
4.5,197,0.0443,0.04444,0.00013
4.5,198,0.0443,0.04446,0.00016
4.5,199,0.0443,0.0447,0.0004
4.5,200,0.0443,0.04446,0.00016
4.5,201,0.0443,0.0444,0.0001
4.5,202,0.0443,0.0444,9e-05
4.5,203,0.0443,0.04447,0.00016
4.5,204,0.0443,0.04459,0.00028
4.5,205,0.0443,0.04442,0.00012
4.5,206,0.0443,0.04445,0.00015
4.5,207,0.0443,0.04473,0.00043
4.5,208,0.0443,0.0448,0.00049
4.5,209,0.0443,0.04448,0.00018
4.5,210,0.0443,0.04551,0.0012
4.5,211,0.0443,0.04492,0.00062
4.5,212,0.0443,0.04481,0.00051
4.5,213,0.0443,0.04451,0.00021
4.5,214,0.0443,0.04529,0.00098
4.5,215,0.0443,0.04485,0.00054
4.5,216,0.0443,0.04644,0.00214
4.5,217,0.0443,0.04473,0.00042
4.5,218,0.0443,0.04457,0.00026
4.5,219,0.0443,0.04487,0.00057
4.5,220,0.0443,0.04452,0.00021
4.5,221,0.0443,0.0446,0.0003
4.5,222,0.0443,0.04468,0.00037
4.5,223,0.0443,0.04444,0.00013
4.5,224,0.0443,0.04443,0.00013
4.5,225,0.0443,0.04442,0.00012
4.5,226,0.0443,0.04439,9e-05
4.5,227,0.0443,0.04438,8e-05
4.5,228,0.0443,0.0444,0.0001
4.5,229,0.0443,0.04441,0.0001
4.5,230,0.0443,0.04468,0.00037
4.5,231,0.0443,0.04448,0.00018
4.5,232,0.0443,0.04457,0.00027
4.5,233,0.0443,0.04438,8e-05
4.5,234,0.0443,0.04567,0.00137
4.5,235,0.0443,0.04249,-0.00181
4.5,236,0.0443,0.04035,-0.00396
4.5,237,0.0443,0.04425,-6e-05
4.5,238,0.0443,0.044,-0.0003
4.5,240,0.0443,0.04424,-7e-05
4.5,241,0.0443,0.04473,0.00042
4.5,242,0.0443,0.04444,0.00014
4.5,243,0.0443,0.04422,-8e-05
4.5,244,0.0443,0.04472,0.00042
4.5,245,0.0443,0.04503,0.00073
4.5,246,0.0443,0.04443,0.00012
4.5,247,0.0443,0.04495,0.00065
4.5,248,0.0443,0.04452,0.00022
4.5,249,0.0443,0.04456,0.00025
4.5,250,0.0443,0.04446,0.00016
4.5,251,0.0443,0.04441,0.00011
4.5,252,0.0443,0.0444,0.0001
4.5,254,0.0443,0.04439,9e-05
4.5,255,0.0443,0.0444,9e-05
4.5,256,0.0443,0.0444,0.0001
4.5,257,0.0443,0.04443,0.00013
4.5,258,0.0443,0.04447,0.00017
4.5,259,0.0443,0.04449,0.00018
4.5,260,0.0443,0.04456,0.00026
4.5,261,0.0443,0.04451,0.00021
4.5,262,0.0443,0.04464,0.00034
4.5,263,0.0443,0.0446,0.0003
4.5,264,0.0443,0.04505,0.00075
4.5,265,0.0443,0.04456,0.00025
4.5,266,0.0443,0.0446,0.00029
4.5,267,0.0443,0.04436,5e-05
4.5,268,0.0443,0.04444,0.00013
4.5,269,0.0443,0.04435,5e-05
4.5,270,0.0443,0.04434,3e-05
4.5,271,0.0443,0.04433,3e-05
4.5,272,0.0443,0.04423,-7e-05
4.5,273,0.0443,0.04437,6e-05
4.5,274,0.0443,0.04439,9e-05
4.5,275,0.0443,0.04441,0.0001
4.5,276,0.0443,0.0447,0.0004
4.5,277,0.0443,0.04445,0.00014
4.5,278,0.0443,0.04449,0.00019
4.5,279,0.0443,0.04458,0.00027
4.5,280,0.0443,0.04461,0.0003
4.5,281,0.0443,0.04442,0.00011
4.5,282,0.0443,0.0445,0.00019
4.5,283,0.0443,0.04443,0.00012
4.5,284,0.0443,0.04442,0.00012
4.5,285,0.0443,0.04444,0.00013
4.5,286,0.0443,0.04451,0.00021
4.5,287,0.0443,0.04448,0.00018
4.5,288,0.0443,0.0444,0.0001
4.5,289,0.0443,0.04443,0.00012
4.5,290,0.0443,0.04445,0.00014
