mutation_id,label,delta_shortest_path,global_efficiency_drop,delta_current_flow,delta_bridging_betweenness
MUT_0,0,0.32422955458205194,0.03201213922163945,0.0037744226190312277,0.0015112852160048202
MUT_1,1,2.74123787386689,0.14257567317217232,0.04603301882016522,0.01579164313385059
MUT_2,1,2.472230584235805,0.25755759877612616,0.0361422764866204,0.012394327985542207
MUT_3,0,-0.029042413388189747,0.00991913689082596,0.00566891357997405,0.0012819545600261798
MUT_4,0,0.26798665399090493,0.0012920807897414434,0.006317088545345661,0.001297377170832643
MUT_5,0,0.4392221731858274,0.016484865159586914,0.009020409077532699,0.001426707779390154
MUT_6,0,0.8323819867198347,0.020184183791895516,0.004646105545011901,0.0013794642948933827
MUT_7,1,1.7724900361642089,0.26776704212216024,0.017898316073433746,0.012705199984245684
MUT_8,1,3.6222354487488797,0.16755179257604633,0.02151814577894287,0.014902581630956068
MUT_9,1,1.3785191497661753,0.22857854754771778,0.042432640940227154,0.023569081434447456
MUT_10,0,0.10554740468561474,0.028294055811834893,0.004933746054252406,0.0006230177055666619
MUT_11,1,4.252364500647983,0.24843157787661743,0.03316016663647321,0.016745294678696128
MUT_12,1,1.7075709398954493,0.13175382697099478,0.03518433933065394,0.0151520139126728
MUT_13,0,0.21993493685236162,0.02770865193886967,0.005447575903277797,0.0009508301866026251
MUT_14,0,0.42094062549700567,0.005214137542201585,0.004967154207854496,0.0005057044464245413
MUT_15,0,0.284405920941472,0.03143754043206929,0.007376786546896169,0.0004482053413921146
MUT_16,0,0.4340552035753744,0.023384964074944142,0.010053864851747245,0.0010899470755767393
MUT_17,0,0.5986392023563141,0.01584712086099199,0.003938262454159359,0.0016960011431722997
MUT_18,0,0.8758050448436057,0.02632781866106285,0.004021121114963556,0.0014591583030011566
MUT_19,0,0.02865535035194533,0.04270692857804396,0.007088321754138144,0.00021474969818841146
MUT_20,1,1.7644606126129574,0.2551178526048014,0.045291556373256436,0.013067254150802503
MUT_21,0,-0.18562633985675048,0.02248220586300336,0.008693414651472067,0.001470385593994108
MUT_22,0,0.35446447148932503,0.01540639100459756,0.006167856370651928,0.0005087563032308452
MUT_23,0,0.576495161945373,0.011501556305352082,0.004281415818425881,0.0008876834250014877
MUT_24,0,0.4842975603205098,0.02830335816544246,0.006181309661384618,0.001275026049512276
MUT_25,1,1.5153085468528358,0.17722261505516906,0.045143700650181307,0.01918839321044862
MUT_26,0,0.3375633248928175,0.020715662372193924,0.006640964362394728,0.00105268775307298
MUT_27,0,0.25209971960235017,0.015223425532348834,0.006014548062214596,0.0003329872525408978
MUT_28,0,0.22319057291673658,0.02478979825746392,0.0071333493791783074,0.0006993161780243931
MUT_29,0,0.6548806291063074,0.02333662105286948,0.0073385911808913455,0.0011598909670712686
MUT_30,1,2.7079062353987386,0.11477652497475734,0.040176590204691234,0.014309490800236722
MUT_31,0,0.19212712142180377,0.01489983601145253,0.006297419775179286,0.0012202373689801996
MUT_32,0,0.6698799626299752,0.017301250647066287,0.004665763839366292,0.0009901811005366594
MUT_33,1,1.443634709532579,0.13300601068363221,0.027446170676466777,0.008694431372063001
MUT_34,1,2.9175532524935184,0.1543066541331653,0.02888482197008052,0.020906161398903583
MUT_35,1,2.737587738586549,0.12703932390555242,0.020933389031517778,0.020520365416589807
MUT_36,0,0.15130149672337834,0.02756988616645352,0.005737346617745802,0.0010626122513239537
MUT_37,0,0.23194568794090917,0.010778346758223745,0.0042133223753452785,0.0007852972294373735
MUT_38,1,1.9559802227372072,0.1307136976832228,0.025241267470226675,0.016976120745130954
MUT_39,0,0.5831110796300395,0.03355637858804951,0.007556903725214597,0.001271649014518194
MUT_40,0,0.3937295218107556,0.02413434903223701,0.0053821981360398065,0.0010244300351628522
MUT_41,0,0.4351982149926346,0.03876795812558066,0.005092873096312298,0.0010202958456019412
MUT_42,0,0.7832994687365276,0.012262108008964271,0.0022802877180401614,0.0006490041560966223
MUT_43,1,2.87906633672943,0.1282378838790313,0.03684836123694874,0.01969091607703746
MUT_44,0,0.5641292143510114,0.002212797510957213,0.006290968362282151,0.00029869736410015324
MUT_45,1,3.0252428869070638,0.12010610537055758,0.042003098794089914,0.013517542671655575
MUT_46,0,0.33469563903183397,0.026543656563540578,0.004384443530093998,0.0003780683823043575
MUT_47,0,0.729633055596157,0.01944415329089545,0.005438300655327878,0.0006535474011020463
MUT_48,0,0.647624904696409,0.022799686263198202,0.005498767367421511,0.0006407963672154013
MUT_49,0,0.6440528908001916,0.008745109527016235,0.008154906559526949,0.0014474621884722207
MUT_50,1,3.2707009033954577,0.1743835975154585,0.04649273326285676,0.013550236234387471
MUT_51,1,2.830224741549199,0.16895152002333885,0.02796823574874113,0.010521320421495424
MUT_52,1,3.157648127995592,0.21070833500217126,0.03465011509503039,0.009821274097116375
MUT_53,1,4.017434386123158,0.21787538550236524,0.0527080063563551,0.019643307149514077
MUT_54,0,0.49724990574653266,0.02481009231736713,0.004107132770898943,0.0005823264733701213
MUT_55,1,1.8970110685140082,0.151209087967766,0.053124485579969294,0.016386015526922863
MUT_56,0,0.4290987894978155,0.012095255445546882,0.0071472634997195444,0.00040620079048524357
MUT_57,0,0.5785471076310741,0.024714683571359957,0.0029469694011778798,0.0011549103551135138
MUT_58,0,0.1545337950299583,0.03882024496475034,0.005265939348293752,0.0013168884404660493
MUT_59,0,1.027716182705638,0.033454200461549774,0.0035997583701216536,0.001206899548725749
MUT_60,0,0.09819478555008943,0.03593186626639397,0.007390093257849685,0.0009073561705611458
MUT_61,0,0.035743416163680375,0.014887843235688149,0.0019536261904324506,0.0009350896501332869
MUT_62,1,2.5104015135023254,0.20882784815278832,0.02772862824175132,0.008773672405360994
MUT_63,0,0.6374988081888808,0.01874213079900352,0.005754423750129042,0.0009264989991857557
MUT_64,0,0.5872359451156466,0.020557249122886947,0.008131048058468681,0.0014819395583974548
MUT_65,0,0.588503652779284,0.030941915184709484,0.004868499477854025,0.0021052615007956755
MUT_66,0,0.39632596814592563,0.0030753537028518074,0.0038896009466136035,0.0007212541074960832
MUT_67,1,1.814273954866974,0.1322229779699787,0.02164655641289899,0.013602969182726285
MUT_68,0,0.4227413674581179,0.018419921014210108,0.002103972199167512,0.0009558589758243727
MUT_69,1,2.8859779321945482,0.19017318179336115,0.041105857452838235,0.023306991934243362
MUT_70,1,2.3212297717393193,0.14218246273578483,0.0405979044793104,0.016527741808926213
MUT_71,0,0.3558827855493584,0.0034514332813423074,0.003995891551294778,0.0018195584027220339
MUT_72,0,0.15235084096224658,0.028231705839619148,0.0029575343657385735,0.0018388504070382203
MUT_73,1,2.441736869874502,0.12592259981928025,0.03959180079228437,0.015955156636106055
MUT_74,1,1.822565025545276,0.26435708175362826,0.03429834288541353,0.013963831416717186
MUT_75,1,1.2881222202513083,0.22408198784747252,0.01839039066484009,0.014214600603660086
MUT_76,1,2.1427880383463833,0.17960136793416911,0.039296182191325864,0.014713594962343743
MUT_77,0,0.4731061634475737,0.036690215252893926,0.00674491465656029,0.0008982098199488191
MUT_78,0,0.47348997133261683,0.017404086486363952,0.006300402355917322,0.0007091595430256781
MUT_79,0,0.2479170473886611,0.004968570468818939,0.004801648272441234,0.0004926216346535666
MUT_80,1,2.6385447406809455,0.25615620386348287,0.02418943459591738,0.017930560308862316
MUT_81,1,2.8082539037830694,0.20694550218423294,0.045531528533329035,0.01467713367956567
MUT_82,0,-0.034425302449197226,-0.0069688664294157154,0.0019489496581505225,0.001017041734129613
MUT_83,0,-0.022239132312966536,0.019457051334821878,0.0036161838602375112,0.0006150133844706791
MUT_84,0,0.1844667336242692,0.01769065469791322,0.004908827967289004,0.001116892955895374
MUT_85,0,0.33596585448644584,0.026962063648134183,0.005486678898645384,0.00022205217689818635
MUT_86,1,2.7862298882786267,0.22630887737658206,0.04438283805975998,0.01899204043943861
MUT_87,1,2.9486276210945874,0.27547083202350653,0.029839552717826262,0.003414978487225242
MUT_88,1,3.3664409945402216,0.11007162130904292,0.035961207769409836,0.02335349881912291
MUT_89,0,0.3520184410109719,0.008934740912583297,0.007887529208146518,0.001187028284923786
MUT_90,0,0.3942951376291934,0.0457335980324986,0.004835697643214862,0.0016138344962366461
MUT_91,1,1.7497399680679018,0.1556437308117652,0.03190827876531361,0.010840376291497877
MUT_92,1,2.912028213766928,0.15038030378805653,0.03722133771633713,0.017451095620250278
MUT_93,0,0.31340240832395855,0.019758749128899966,0.005913506438307568,0.0012095095046830227
MUT_94,1,2.9120381490448386,0.18242608139724134,0.04755756125573521,0.012504924157216778
MUT_95,0,0.15183071693430314,0.018556395880760575,0.00589541712003463,0.000972115461171147
MUT_96,0,0.5558039542723517,0.014263379931197638,0.006285445519735088,0.0012791634562608612
MUT_97,0,0.8598216739007734,0.01453141058759608,0.007658305060264863,0.0010380026957062059
MUT_98,0,0.36737195546294277,0.019672467297840016,0.0053930423394029404,0.0012693779962231846
MUT_99,0,0.5205135166296825,0.01456575228866235,0.006418007515177025,0.0005396632034603169
MUT_100,0,0.6070431975133338,0.012871542173228357,0.004820528611425547,0.001084680412018039
MUT_101,1,3.107175376394614,0.2177695612912878,0.020144396269630285,0.016459844009864902
MUT_102,0,0.46722774454312505,0.017450227825791448,0.003647215395881461,0.0009443869693256499
MUT_103,0,0.4037777202345385,0.03503992988582689,0.008601880865821632,0.0005480461792676052
MUT_104,1,2.111709161736717,0.1849666152714613,0.03582283989275425,0.01580439618685987
MUT_105,0,0.1680970648433601,0.03091506851922462,0.0021384497957639037,0.0016180465876052188
MUT_106,0,0.4073530522776828,0.03246085192497629,0.005256208829821579,0.0015456550602971344
MUT_107,1,1.0061878459266014,0.20716800961899676,0.049093474401855804,0.01974812122224152
MUT_108,0,0.8353430823385125,0.016573124059196514,0.006681287097977448,0.00045384361766371054
MUT_109,0,0.687781247825562,0.016285591340042087,0.0036947520413952183,0.000841795775152599
MUT_110,0,1.0459547372534668,0.0059248830528217875,0.004107633133570441,0.0016065488499895917
MUT_111,0,0.16979573113358518,0.012221833124091247,0.0012209185381089381,0.0010708584568199524
MUT_112,1,2.5514240152763703,0.09862287810584186,0.050795721457307125,0.01621054186095613
MUT_113,1,1.637804177656555,0.1824042473330691,0.029771399728467318,0.011982896599922568
MUT_114,1,1.9277570325920252,0.1929861250860741,0.030798131829041432,0.014743446613628029
MUT_115,1,3.043678199147741,0.13478416874477955,0.03218215391139493,0.01631504964121392
MUT_116,1,1.9157066946262906,0.2119296229388687,0.02155549488965723,0.016285428861801093
MUT_117,0,0.2201822063667934,0.008709482287827709,0.005850915123569929,0.000923765081809728
MUT_118,1,2.536457471923051,0.17669601006763416,0.024958592332479324,0.021454845076234588
MUT_119,0,0.2422734934957717,0.02489374561227918,0.0049045772877160405,0.001478351158397292
MUT_120,1,4.215155271460261,0.14740819460989202,0.03465315112613219,0.014023373458837404
MUT_121,1,3.007135217854409,0.1823699335658207,0.03734214732536521,0.018856348673153427
MUT_122,0,0.5025267927331478,0.017596746018418652,0.008006796603534302,8.189731344835174e-05
MUT_123,0,0.9628512517647658,0.016251791924504023,0.0067547245811513425,0.0012539956634562718
MUT_124,0,0.685127151455815,0.027109599682034916,0.004558071652340672,0.0004483166969130632
MUT_125,0,0.2269289033012791,0.024442633114860397,0.005053771677989062,-7.644529647624142e-05
MUT_126,1,1.8659834092538394,0.22178460560325708,0.034505362903475674,0.013809745986560032
MUT_127,1,2.408210846826481,0.12351465726711908,0.04174819492166604,0.020502827253246477
MUT_128,0,0.003930037893807359,0.009189366724001027,0.004505645234958807,0.0009969645442300533
MUT_129,0,0.9494376297563061,0.026159356069442637,0.003636031504004403,0.001419245387225821
MUT_130,0,0.7538320362163862,0.02593101257968384,0.002996759980210169,0.0010409146792737826
MUT_131,0,0.25924730436858856,0.0169045356068601,0.00443779941422809,0.0009505551734044287
MUT_132,0,-0.11394035872726316,0.02326133022242118,0.008595373053699045,0.0014595382414938844
MUT_133,0,0.8061617122496239,0.007488864236146971,0.00628168572253402,0.0008548627279056744
MUT_134,1,3.9123633922248775,0.19855729366856545,0.028622600157486845,0.02137802025289989
MUT_135,0,0.7713448935920386,0.01815097863557011,0.006145165562712317,0.0011608489030980069
MUT_136,0,-0.07832829763831006,0.014772769794809605,0.007798710873172004,0.0006659547731784756
MUT_137,1,3.234289557643821,0.17221613823039603,0.029445228808397457,0.00638643954558514
MUT_138,0,0.401573109915455,0.012956563094572408,0.005119260739840348,0.0009125201216522957
MUT_139,1,3.3259722084409176,0.19272104216506064,0.046890165311075524,0.009707640826370007
MUT_140,1,1.2845040272367891,0.1968801331037601,0.049205042479898556,0.021568060640545478
MUT_141,0,0.5868549797042496,0.0260600995134564,0.005786970770843499,0.0005507660091044813
MUT_142,0,0.07971387118522172,0.007195706475037169,0.006790386440055465,0.001014090578684564
MUT_143,0,0.35728615449361195,0.037547941819843646,0.006270343603363939,0.0009954405016778982
MUT_144,0,0.43608868951356966,-0.0008192940788372197,0.00709910543063867,0.001542947782915789
MUT_145,0,0.5543316502176248,0.03696456368290038,0.003929529576878864,0.0012373491164399764
MUT_146,1,1.7584556227375336,0.19448874284482065,0.037029230208513,0.005002377140505707
MUT_147,0,0.06260737244863929,0.019032868881296076,0.005395199209384799,0.0014088831496001436
MUT_148,0,-0.06023425122068665,0.014550809131910503,0.009150521745250531,0.0016951037745086567
MUT_149,0,0.7833030465695527,0.02399136114352071,0.0036216243638208644,0.001278905153175931
